{
	"format_version": "1.8.0",
	"animations": {
		"Idle": {
			"loop": true,
			"animation_length": 2.5,
			"bones": {
				"head": {
					"rotation": {
						"0.125": [0, 0, 0],
						"0.875": [0, 10, 0],
						"1.625": [0, -10, 0],
						"2.375": [0, 0, 0]
					},
					"position": {
						"0.25": [0, 0, 0],
						"1.25": [0, 3, 0],
						"2.25": [0, 0, 0]
					}
				},
				"Body": {
					"position": [0, 0, 0]
				},
				"Up": {
					"position": {
						"0.25": [0, 0, 0],
						"1.25": [0, 3, 0],
						"2.25": [0, 0, 0]
					},
					"scale": {
						"0.25": [1, 1, 1],
						"1.25": [1, 1, 1.2],
						"2.25": [1, 1, 1]
					}
				},
				"HiCBackpack": {
					"position": {
						"0.25": [0, 0, 0],
						"1.25": [0, 3, 0],
						"2.25": [0, 0, 0]
					}
				},
				"RightArm": {
					"position": {
						"0.375": [0, 0, 0],
						"1.25": [0, 3, 0],
						"2.25": [0, 0, 0]
					}
				},
				"LeftArm": {
					"position": {
						"0.375": [0, 0, 0],
						"1.25": [0, 3, 0],
						"2.25": [0, 0, 0]
					}
				},
				"RightLeg": {
					"position": [0, 0, 0]
				}
			}
		},
		"Walk": {
			"loop": true,
			"animation_length": 2,
			"bones": {
				"Body": {
					"rotation": {
						"0.0": [0, 0, 0],
						"0.5": [0, -5, 0],
						"1.0": [0, 0, 0],
						"1.5": [0, 5, 0],
						"2.0": [0, 0, 0]
					}
				},
				"RightArm": {
					"rotation": {
						"0.0": [0, 0, 0],
						"0.5": [-15.0547, -4.82922, 1.29717],
						"1.0": [0, 0, 0],
						"1.5": [15.22074, 9.65594, 2.61298],
						"2.0": [0, 0, 0]
					}
				},
				"LeftArm": {
					"rotation": {
						"0.0": [0, 0, 0],
						"0.5": [15.0547, -4.82922, -1.29717],
						"1.0": [0, 0, 0],
						"1.5": [-15.0547, 4.82922, -1.29717],
						"2.0": [0, 0, 0]
					}
				},
				"RightLeg": {
					"rotation": {
						"0.0": [0, 0, 0],
						"0.5": [15, 0, 0],
						"1.0": [0, 0, 0],
						"1.5": [-15, 0, 0],
						"2.0": [0, 0, 0]
					}
				},
				"LeftLeg": {
					"rotation": {
						"0.0": [0, 0, 0],
						"0.5": [-15, 0, 0],
						"1.0": [0, 0, 0],
						"1.5": [15, 0, 0],
						"2.0": [0, 0, 0]
					}
				}
			}
		},
		"Attack": {
			"animation_length": 0.75,
			"bones": {
				"head": {
					"rotation": {
						"0.0": [0, 0, 0],
						"0.25": [15, 15, 0],
						"0.5": [15, -20, -3],
						"0.75": [0, 0, 0]
					},
					"position": {
						"0.0": [0, 0, 0],
						"0.25": [-2, -2, -6],
						"0.5": [1, -1, -1],
						"0.75": [0, 0, 0]
					}
				},
				"Body": {
					"rotation": {
						"0.0": [0, 0, 0],
						"0.25": [15, 15, 0],
						"0.5": [15, -20, -3],
						"0.75": [0, 0, 0]
					},
					"position": {
						"0.0": [0, 0, 0],
						"0.75": [0, 0, 0]
					}
				},
				"RightArm": {
					"rotation": {
						"0.0": [0, 0, 0],
						"0.25": [30, 15, 0],
						"0.5": [-27.5, -20, -3],
						"0.75": [0, 0, 0]
					},
					"position": {
						"0.0": [0, 0, 0],
						"0.25": [-1, 0, 1],
						"0.5": [2, -2, -5],
						"0.75": [0, 0, 0]
					}
				},
				"bone": {
					"rotation": {
						"0.0": [0, 0, 0],
						"0.25": [-82.5, 0, 0],
						"0.5": [-26.94093, -5.73576, -11.12501],
						"0.75": [0, 0, 0]
					}
				},
				"LeftArm": {
					"rotation": {
						"0.0": [0, 0, 0],
						"0.25": [-30, 15, 0],
						"0.5": [55, -20, -3],
						"0.75": [0, 0, 0]
					},
					"position": {
						"0.0": [0, 0, 0],
						"0.25": [-1, 0, -5],
						"0.5": [0, 1, 3],
						"0.75": [0, 0, 0]
					}
				},
				"bone2": {
					"rotation": {
						"0.0": [0, 0, 0],
						"0.25": [-34.35502, 38.86642, 42.5518],
						"0.5": [-67.5, 0, 0],
						"0.75": [0, 0, 0]
					}
				}
			}
		},
		"Dead": {
			"loop": "hold_on_last_frame",
			"animation_length": 1.25,
			"bones": {
				"head": {
					"rotation": {
						"0.0": [0, 0, 0],
						"0.5": [35, 0, 0],
						"1.0": [35, 0, 0],
						"1.125": [-2.5, 0, 0],
						"1.25": [-40, 0, 0]
					},
					"position": {
						"0.0": [0, 0, 0],
						"0.5": [0, -11, -9],
						"1.0": [0, -17, -9],
						"1.125": [0, -14, 3],
						"1.25": [0, -18, 17]
					}
				},
				"Body": {
					"rotation": {
						"0.0": [0, 0, 0],
						"0.5": [35, 0, 0],
						"1.0": [35, 0, 0],
						"1.25": [-40, 0, 0]
					},
					"position": {
						"0.0": [0, 0, 0],
						"1.0": [0, -12, 0],
						"1.25": [0, -16, 5]
					}
				},
				"RightArm": {
					"rotation": {
						"0.0": [0, 0, 0],
						"0.5": [-40, 0, 0],
						"1.0": [-40, 0, 0]
					},
					"position": {
						"0.0": [0, 0, 0],
						"0.5": [0, -10, -7],
						"1.0": [0, -16, -7],
						"1.125": [0, -16, 0],
						"1.25": [0, -17, 13]
					}
				},
				"bone": {
					"rotation": {
						"0.0": [0, 0, 0],
						"0.5": [25, -10, -45],
						"1.0": [25, -10, -45],
						"1.25": [-70, 0, 30]
					}
				},
				"LeftArm": {
					"rotation": {
						"0.0": [0, 0, 0],
						"0.5": [-40, 0, 0],
						"1.0": [-40, 0, 0]
					},
					"position": {
						"0.0": [0, 0, 0],
						"0.5": [0, -10, -9],
						"1.0": [0, -16, -9],
						"1.125": [0, -16, 1],
						"1.25": [0, -17, 14]
					}
				},
				"bone2": {
					"rotation": {
						"0.0": [0, 0, 0],
						"0.5": [25, 5.82644, 62.16368],
						"1.0": [25, 5.83, 62.16],
						"1.25": [-70, 0, -30]
					}
				},
				"RightLeg": {
					"rotation": {
						"0.0": [0, 0, 0],
						"1.0": [-30, 0, 0]
					},
					"position": {
						"0.0": [0, 0, 0],
						"1.0": [0, -12, 0]
					}
				},
				"bone3": {
					"rotation": {
						"0.0": [0, 0, 0],
						"1.0": [115, 0, 0]
					}
				},
				"LeftLeg": {
					"rotation": {
						"0.0": [0, 0, 0],
						"1.0": [-27.5, 0, 0]
					},
					"position": {
						"0.0": [0, 0, 0],
						"1.0": [0, -12, 0]
					}
				},
				"bone4": {
					"rotation": {
						"0.0": [0, 0, 0],
						"1.0": [115, 0, 0]
					}
				}
			}
		}
	}
}